{
  "metadata": {
    "timestamp": "2025-12-24T21:31:00.365246",
    "seed": 42,
    "n_clients": 5,
    "target_total_per_scenario": 7200,
    "s2_region_mapping": {
      "3": 0,
      "6": 1,
      "8": 2,
      "9": 3,
      "1": 4
    },
    "s2_target_sizes": {
      "0": 1800,
      "1": 1440,
      "2": 1440,
      "3": 1260,
      "4": 1260
    },
    "s3_missing_rates": {
      "0": 0.05,
      "1": 0.1,
      "2": 0.2,
      "3": 0.15,
      "4": 0.12
    },
    "regional_prevalence": {
      "s1_iid": {
        "Greater Accra": {
          "client_id": 0,
          "n_samples": 1440,
          "prevalence": 0.25555555555555554,
          "n_positive": 368,
          "n_negative": 1072
        },
        "Ashanti": {
          "client_id": 1,
          "n_samples": 1440,
          "prevalence": 0.24791666666666667,
          "n_positive": 357,
          "n_negative": 1083
        },
        "Northern": {
          "client_id": 2,
          "n_samples": 1440,
          "prevalence": 0.25416666666666665,
          "n_positive": 366,
          "n_negative": 1074
        },
        "Upper East": {
          "client_id": 3,
          "n_samples": 1440,
          "prevalence": 0.2625,
          "n_positive": 378,
          "n_negative": 1062
        },
        "Western": {
          "client_id": 4,
          "n_samples": 1440,
          "prevalence": 0.24166666666666667,
          "n_positive": 348,
          "n_negative": 1092
        }
      },
      "s2_noniid": {
        "Greater Accra": {
          "client_id": 0,
          "n_samples": 1800,
          "prevalence": 0.028888888888888888,
          "n_positive": 52,
          "n_negative": 1748
        },
        "Ashanti": {
          "client_id": 1,
          "n_samples": 1440,
          "prevalence": 0.14027777777777778,
          "n_positive": 202,
          "n_negative": 1238
        },
        "Northern": {
          "client_id": 2,
          "n_samples": 1440,
          "prevalence": 0.3013888888888889,
          "n_positive": 434,
          "n_negative": 1006
        },
        "Upper East": {
          "client_id": 3,
          "n_samples": 1260,
          "prevalence": 0.26031746031746034,
          "n_positive": 328,
          "n_negative": 932
        },
        "Western": {
          "client_id": 4,
          "n_samples": 1260,
          "prevalence": 0.2857142857142857,
          "n_positive": 360,
          "n_negative": 900
        }
      },
      "s3_quality": {
        "Greater Accra": {
          "client_id": 0,
          "n_samples": 1800,
          "prevalence": 0.028888888888888888,
          "n_positive": 52,
          "n_negative": 1748
        },
        "Ashanti": {
          "client_id": 1,
          "n_samples": 1440,
          "prevalence": 0.14027777777777778,
          "n_positive": 202,
          "n_negative": 1238
        },
        "Northern": {
          "client_id": 2,
          "n_samples": 1440,
          "prevalence": 0.3013888888888889,
          "n_positive": 434,
          "n_negative": 1006
        },
        "Upper East": {
          "client_id": 3,
          "n_samples": 1260,
          "prevalence": 0.26031746031746034,
          "n_positive": 328,
          "n_negative": 932
        },
        "Western": {
          "client_id": 4,
          "n_samples": 1260,
          "prevalence": 0.2857142857142857,
          "n_positive": 360,
          "n_negative": 900
        }
      }
    }
  },
  "heterogeneity_metrics": {
    "s1_iid": {
      "scenario": "s1_iid",
      "n_clients": 5,
      "total_samples": 7200,
      "global_prevalence": 0.2523611111111111,
      "coefficient_variation": 0.02804125306077489,
      "max_prevalence_ratio": 1.0862068965517242,
      "size_ratio": 1.0,
      "avg_js_divergence": 3.3228329097152776e-05,
      "client_stats": [
        {
          "client_id": 0,
          "client_name": "Greater Accra",
          "n_samples": 1440,
          "prevalence": 0.25555555555555554,
          "distribution": [
            0.7444444444444445,
            0.25555555555555554
          ]
        },
        {
          "client_id": 1,
          "client_name": "Ashanti",
          "n_samples": 1440,
          "prevalence": 0.24791666666666667,
          "distribution": [
            0.7520833333333333,
            0.24791666666666667
          ]
        },
        {
          "client_id": 2,
          "client_name": "Northern",
          "n_samples": 1440,
          "prevalence": 0.25416666666666665,
          "distribution": [
            0.7458333333333333,
            0.25416666666666665
          ]
        },
        {
          "client_id": 3,
          "client_name": "Upper East",
          "n_samples": 1440,
          "prevalence": 0.2625,
          "distribution": [
            0.7375,
            0.2625
          ]
        },
        {
          "client_id": 4,
          "client_name": "Western",
          "n_samples": 1440,
          "prevalence": 0.24166666666666667,
          "distribution": [
            0.7583333333333333,
            0.24166666666666667
          ]
        }
      ]
    },
    "s2_noniid": {
      "scenario": "s2_noniid",
      "n_clients": 5,
      "total_samples": 7200,
      "global_prevalence": 0.19111111111111112,
      "coefficient_variation": 0.5113997924268489,
      "max_prevalence_ratio": 10.432692307692308,
      "size_ratio": 1.4285714285714286,
      "avg_js_divergence": 0.011477954029192074,
      "client_stats": [
        {
          "client_id": 0,
          "client_name": "Greater Accra",
          "n_samples": 1800,
          "prevalence": 0.028888888888888888,
          "distribution": [
            0.9711111111111111,
            0.028888888888888888
          ]
        },
        {
          "client_id": 1,
          "client_name": "Ashanti",
          "n_samples": 1440,
          "prevalence": 0.14027777777777778,
          "distribution": [
            0.8597222222222223,
            0.14027777777777778
          ]
        },
        {
          "client_id": 2,
          "client_name": "Northern",
          "n_samples": 1440,
          "prevalence": 0.3013888888888889,
          "distribution": [
            0.6986111111111111,
            0.3013888888888889
          ]
        },
        {
          "client_id": 3,
          "client_name": "Upper East",
          "n_samples": 1260,
          "prevalence": 0.26031746031746034,
          "distribution": [
            0.7396825396825397,
            0.26031746031746034
          ]
        },
        {
          "client_id": 4,
          "client_name": "Western",
          "n_samples": 1260,
          "prevalence": 0.2857142857142857,
          "distribution": [
            0.7142857142857143,
            0.2857142857142857
          ]
        }
      ]
    },
    "s3_quality": {
      "scenario": "s3_quality",
      "n_clients": 5,
      "total_samples": 7200,
      "global_prevalence": 0.19111111111111112,
      "coefficient_variation": 0.5113997924268489,
      "max_prevalence_ratio": 10.432692307692308,
      "size_ratio": 1.4285714285714286,
      "avg_js_divergence": 0.011477954029192074,
      "client_stats": [
        {
          "client_id": 0,
          "client_name": "Greater Accra",
          "n_samples": 1800,
          "prevalence": 0.028888888888888888,
          "distribution": [
            0.9711111111111111,
            0.028888888888888888
          ]
        },
        {
          "client_id": 1,
          "client_name": "Ashanti",
          "n_samples": 1440,
          "prevalence": 0.14027777777777778,
          "distribution": [
            0.8597222222222223,
            0.14027777777777778
          ]
        },
        {
          "client_id": 2,
          "client_name": "Northern",
          "n_samples": 1440,
          "prevalence": 0.3013888888888889,